<?xml version="1.0" encoding="UTF-8"?>
<schemalist>
  <schema id="org.gnome.shell.extensions.autohide_topbar" path="/org/gnome/shell/extensions/autohide_topbar/">
    <key name="hot-corner" type="b">
      <default>false</default>
      <summary>Keep hot corner sensitive or not</summary>
      <description>
        Set to "true" to keep hot corner sensitive even when panel is in hidden
        state. Set to "false" to get rid of the hot corner in hidden state.
      </description>
    </key>
    <key name="mouse-sensitive" type="b">
      <default>false</default>
      <summary>Show panel when mouse approaches edge of the screen</summary>
      <description>
        Set to "true" to show panel not only in overview but also when the mouse approaches the edge of the screen.
      </description>
    </key>
    <key name="mouse-sensitive-fullscreen-window" type="b">
      <default>true</default>
      <summary>Also show panel when mouse approaches edge of the screen when fullscreen.</summary>
      <description>
        Set to "true" to also show panel when mouse approaches edge of the screen when windows are in fullscreen mode.
      </description>
    </key>
    <key name="mouse-triggers-overview" type="b">
      <default>false</default>
      <summary>Show overview when mouse approaches edge of the screen</summary>
      <description>
        When "mouse-sensitive" is set to "true" and this key is activated, not only the panel but also the overview is shown when the mouse approaches the edge of the screen.
      </description>
    </key>
    <key name="animation-time-overview" type="d">
      <default>0.4</default>
      <summary>Slide animation time when entering/leaving overview:</summary>
      <description>
        Amount of time it takes to slide the panel in/out when entering/leaving overview.
      </description>
    </key>
    <key name="animation-time-autohide" type="d">
      <default>0.2</default>
      <summary>Slide animation time when mouse approaches edge of the screen:</summary>
      <description>
        Amount of time it takes to slide the panel in/out when the mouse approaches the edge of the screen.
      </description>
    </key>
    <key name="pressure-threshold" type="i">
      <default>100</default>
      <summary>Pressure barrier's threshold</summary>
      <description>
        Number of pixels the mouse has to overrun in order to trigger the pressure barrier.
      </description>
    </key>
    <key name="pressure-timeout" type="i">
      <default>1000</default>
      <summary>Pressure barrier's timeout</summary>
      <description>
        Amount of time before pressure barrier is triggered.
      </description>
    </key>
    <key name="shortcut-keybind" type="as">
      <default>[]</default>
      <summary>"show bar" shortcut</summary>
      <description>
        Keyboard shortcut that triggers the bar to be shown.
      </description>
    </key>
    <key name="shortcut-delay" type="d">
      <default>1.0</default>
      <summary>Delay after key press</summary>
      <description>
        Delay before bar rehides automatically after key press. The value 0.0 means unlimited delay.
      </description>
    </key>
    <key name="shortcut-toggles" type="b">
      <default>true</default>
      <summary>Enable toggling behaviour</summary>
      <description>
        Pressing the shortcut again rehides the panel.
      </description>
    </key>
    <key name="enable-intellihide" type="b">
      <default>true</default>
      <summary>Enable intellihide feature</summary>
      <description>
        When enabled, the panel will only hide if a window takes the space.
      </description>
    </key>
    <key name="enable-active-window" type="b">
      <default>true</default>
      <summary>Enable Intellihide only for active window</summary>
      <description>
        When enabled, the panel will only hide if the active window takes the space.
      </description>
    </key>
    <key name="show-in-overview" type="b">
      <default>true</default>
      <summary>Show panel in overview</summary>
      <description>
        When enabled, the panel will be visible in overview.
      </description>
    </key>
  </schema>
</schemalist>
