<?xml version="1.0" encoding="UTF-8"?>
<schemalist>
  <schema id="org.gnome.shell.extensions.autohide_topbar" path="/org/gnome/shell/extensions/autohide_topbar/">
    <key name="enable-active-window" type="b">
      <default>true</default>
      <summary>When enabled, the top panel will only hide if the active window takes the space.</summary>
    </key>
    <key name="show-in-overview" type="b">
      <default>true</default>
      <summary>When enabled, the panel will be visible in overview.</summary>
    </key>
    <key name="hot-corner" type="b">
      <default>false</default>
      <summary>When enabled, keeps the hot corner sensitive when panel is in hidden.</summary>
    </key>
    <child name='pointer' schema='org.gnome.shell.extensions.autohide_topbar.pointer'></child>
    <child name='animation' schema='org.gnome.shell.extensions.autohide_topbar.animation'></child>
  </schema>
  <schema id="org.gnome.shell.extensions.autohide_topbar.pointer" path="/org/gnome/shell/extensions/autohide_topbar/pointer/">
    <key name="mouse-sensitive" type="b">
      <default>false</default>
      <summary>When enabled, show the top panel not only in overview but also when the mouse approaches the edge of the screen.</summary>
    </key>
    <key name="mouse-sensitive-fullscreen-window" type="b">
      <default>true</default>
      <summary>When enabled, show the top panel not only in overview but also when the mouse approaches the edge of the screen.</summary>
    </key>
    <key name="pressure-threshold" type="i">
      <default>100</default>
      <summary>Number of pixels the mouse has to overrun in order to trigger the pressure barrier.</summary>
    </key>
    <key name="pressure-timeout" type="i">
      <default>1000</default>
      <summary>Amount of time in milliseconds before pressure barrier is triggered.</summary>
    </key>
  </schema>
  <schema id="org.gnome.shell.extensions.autohide_topbar.animation" path="/org/gnome/shell/extensions/autohide_topbar/animation/">
    <key name="animation-time-autohide" type="d">
      <default>0.2</default>
      <summary>Amount of time it takes to slide the top panel in/out.</summary>
    </key>
  </schema>
</schemalist>